date,type,topic
2026-05-09T14:05:22.308169,image,Comparación: Enfoque en pasivos vs Enfoque en activos.
2026-05-09T14:08:13.501440,image,Comparación: Gastar para aparentar riqueza vs. Invertir para construir riqueza.
2026-05-09T14:43:27.607726,image,Comparación: Trabajar para el dinero vs Que el dinero trabaje para ti.
2026-05-09T17:39:38.623369,image,Comparación: El enfoque en recortar gastos para ahorrar vs. El enfoque en generar nuevos ingresos para prosperar.
2026-05-10T00:21:59.184598,image,Comparación: Inversión especulativa vs Inversión estratégica
2026-05-10T15:18:16.515930,image,Comparación: Enfocarse solo en el corto plazo (gastos inmediatos) vs. Planificar para el largo plazo (inversión y crecimiento).
2026-05-10T23:39:02.192785,image,Comparación: Reacción emocional a los mercados vs. Visión a largo plazo en inversiones.
2026-05-13T14:29:14.230280,image,Stickman Reflection
2026-05-15T21:42:11.517186,image,Stickman Reflection
2026-05-16T06:45:37.831484,video,Curiosity Reel
2026-05-16T15:42:42.260395,image,Curiosity Image
2026-05-18T12:22:30.440393,image,Curiosity Image
2026-05-18T23:54:37.897638,image,Curiosity Image
2026-05-19T04:57:39.572192,video,Curiosity Reel (standard)
2026-05-19T04:59:20.295963,image,Curiosity Image
2026-05-19T05:09:59.562457,image,Curiosity Image
2026-05-19T05:19:28.707968,image,Curiosity Image
2026-05-19T14:39:32.886538,video,Curiosity Reel (standard)
2026-05-19T14:41:21.407880,image,Curiosity Image
2026-05-19T14:51:03.836796,video,Curiosity Reel (standard)
2026-05-19T15:02:46.752155,video,Curiosity Reel (standard)
2026-05-19T19:36:37.260804,video,Curiosity Reel (standard)
2026-05-19T19:38:30.670978,image,Curiosity Image
2026-05-20T01:19:30.003813,video,Curiosity Reel (standard)
2026-05-20T01:21:18.471225,image,Curiosity Image
2026-05-20T10:44:44.774610,video,Curiosity Reel (standard)
2026-05-20T10:46:50.633085,image,Curiosity Image
2026-05-20T17:44:21.137912,video,Curiosity Reel (standard)
2026-05-20T17:46:30.773462,image,Curiosity Image
2026-05-20T17:53:42.005975,image,Curiosity Image
2026-05-20T20:44:43.804020,video,Curiosity Reel (standard)
2026-05-20T20:46:37.369512,image,Curiosity Image
2026-05-20T21:34:22.699802,video,Curiosity Reel (standard)
2026-05-20T21:39:06.689173,image,Curiosity Image
2026-05-20T23:58:06.652485,image,Curiosity Image
2026-05-21T00:05:13.591125,image,Curiosity Image
2026-05-21T00:28:14.351144,image,Curiosity Image
2026-05-21T11:02:17.924156,video,Curiosity Reel (standard)
2026-05-21T11:05:02.152080,image,Curiosity Image
2026-05-21T13:03:40.393950,video,Curiosity Reel (standard)
2026-05-21T13:07:39.193034,image,Curiosity Image
2026-05-21T13:29:05.138414,video,Curiosity Reel (standard)
2026-05-21T16:54:52.929742,video,Curiosity Reel (standard)
2026-05-21T16:57:39.328979,image,Curiosity Image
2026-05-21T19:38:32.025911,video,Curiosity Reel (standard)
2026-05-21T19:41:52.140929,image,Curiosity Image
2026-05-21T23:15:21.550459,video,Curiosity Reel (standard)
2026-05-21T23:18:21.066160,image,Curiosity Image
2026-05-21T23:39:27.654918,video,Curiosity Reel (standard)
2026-05-21T23:44:59.038414,image,Curiosity Image
2026-05-22T10:40:03.866860,video,Curiosity Reel (standard)
2026-05-22T10:43:40.508394,image,Curiosity Image
2026-05-22T12:46:05.986325,video,Curiosity Reel (standard)
2026-05-22T12:49:41.989730,image,Curiosity Image
2026-05-22T14:52:24.946192,video,Curiosity Reel (standard)
2026-05-22T14:56:53.770314,image,Curiosity Image
2026-05-22T15:20:29.864542,video,Curiosity Reel (standard)
2026-05-22T15:24:24.409729,image,Curiosity Image
2026-05-22T17:44:00.815070,video,Curiosity Reel (standard)
2026-05-22T17:48:00.002222,image,Curiosity Image
2026-05-22T19:25:13.880358,video,Curiosity Reel (standard)
2026-05-22T19:28:59.675255,image,Curiosity Image
2026-05-22T23:22:17.566701,video,Curiosity Reel (standard)
2026-05-22T23:25:16.991691,image,Curiosity Image
2026-05-23T13:08:33.447809,video,Curiosity Reel (standard)
2026-05-23T13:11:46.782746,image,Curiosity Image
2026-05-23T13:52:22.310628,video,Curiosity Reel (standard)
2026-05-23T13:55:07.837325,image,Curiosity Image
2026-05-23T16:25:14.464605,video,Curiosity Reel (standard)
2026-05-23T16:28:18.942963,image,Curiosity Image
2026-05-23T19:54:08.937134,video,Curiosity Reel (standard)
2026-05-23T19:57:22.628737,image,Curiosity Image
2026-05-23T22:19:12.896453,video,Curiosity Reel (standard)
2026-05-23T22:22:52.578262,image,Curiosity Image
2026-05-24T12:10:50.223730,video,Curiosity Reel (standard)
2026-05-24T12:54:05.320091,video,Curiosity Reel (standard)
2026-05-24T13:51:51.078254,video,Curiosity Reel (standard)
2026-05-24T14:10:53.553074,video,Curiosity Reel (standard)
2026-05-24T15:09:31.296689,video,Curiosity Reel (standard)
2026-05-24T16:10:22.462588,video,Curiosity Reel (standard)
2026-05-24T18:08:41.878456,video,Curiosity Reel (standard)
2026-05-24T21:09:49.027274,video,Curiosity Reel (standard)
2026-05-25T00:09:08.286697,video,Curiosity Reel (standard)
2026-05-25T07:42:41.926418,video,Curiosity Reel (standard)
2026-05-25T07:58:35.203399,video,Curiosity Reel (standard)
2026-05-25T08:15:59.863773,video,Curiosity Reel (standard)
2026-05-25T10:09:09.090997,video,Curiosity Reel (standard)
2026-05-25T11:08:33.905933,video,Curiosity Reel (standard)
2026-05-25T12:11:25.816827,video,Curiosity Reel (standard)
2026-05-25T12:36:26.177816,video,Curiosity Reel (standard)
2026-05-25T12:53:41.482733,video,Curiosity Reel (standard)
2026-05-25T14:09:26.676233,video,Curiosity Reel (standard)
2026-05-25T15:10:32.477440,video,Curiosity Reel (standard)
2026-05-25T16:10:16.675526,video,Curiosity Reel (standard)
2026-05-25T18:08:50.135175,video,Curiosity Reel (standard)
2026-05-25T21:10:36.604222,video,Curiosity Reel (standard)
2026-05-25T23:18:10.672223,video,Curiosity Reel (standard)
2026-05-26T06:25:26.930179,video,Curiosity Reel (standard)
2026-05-26T07:08:16.295436,video,Curiosity Reel (standard)
2026-05-26T08:09:32.743113,video,Curiosity Reel (standard)
2026-05-26T09:09:57.545658,video,Curiosity Reel (standard)
2026-05-26T10:10:58.440849,video,Curiosity Reel (standard)
2026-05-26T13:10:12.478231,video,Curiosity Reel (standard)
2026-05-26T16:09:17.087321,video,Curiosity Reel (standard)
2026-05-26T18:12:31.823299,video,Curiosity Reel (standard)
2026-05-26T20:16:40.188301,video,Curiosity Reel (standard)
2026-05-26T23:55:42.700574,video,Curiosity Reel (standard)
2026-05-27T00:10:11.211387,video,Curiosity Reel (standard)
2026-05-27T07:14:23.561159,video,Curiosity Reel (standard)
2026-05-27T08:14:54.412496,video,Curiosity Reel (standard)
2026-05-27T09:15:09.651262,video,Curiosity Reel (standard)
2026-05-27T10:14:34.989068,video,Curiosity Reel (standard)
2026-05-27T11:13:22.983969,video,Curiosity Reel (standard)
2026-05-27T12:16:46.541969,video,Curiosity Reel (standard)
2026-05-27T13:15:02.255770,video,Curiosity Reel (standard)
2026-05-27T14:14:54.416403,video,Curiosity Reel (standard)
2026-05-27T15:15:33.919559,video,Curiosity Reel (standard)
2026-05-27T16:18:53.275649,video,Curiosity Reel (standard)
2026-05-28T07:14:37.426608,video,Curiosity Reel (standard)
2026-05-28T08:13:26.598497,video,Curiosity Reel (standard)
2026-05-28T09:14:39.878229,video,Curiosity Reel (standard)
2026-05-28T10:16:08.662578,video,Curiosity Reel (standard)
2026-05-28T11:15:35.073174,video,Curiosity Reel (standard)
2026-05-28T12:15:59.165833,video,Curiosity Reel (standard)
2026-05-28T13:13:06.013180,video,Curiosity Reel (standard)
2026-05-28T14:15:23.205878,video,Curiosity Reel (standard)
2026-05-28T15:15:42.789585,video,Curiosity Reel (standard)
2026-05-28T16:21:39.934728,video,Curiosity Reel (standard)
2026-05-29T07:12:57.522120,video,Curiosity Reel (standard)
2026-05-29T08:13:56.323312,video,Curiosity Reel (standard)
2026-05-29T09:14:36.881020,video,Curiosity Reel (standard)
2026-05-29T10:14:42.820099,video,Curiosity Reel (standard)
2026-05-29T11:14:16.336711,video,Curiosity Reel (standard)
2026-05-29T12:13:58.008667,video,Curiosity Reel (standard)
2026-05-29T13:13:50.377356,video,Curiosity Reel (standard)
2026-05-29T14:13:39.061290,video,Curiosity Reel (standard)
2026-05-29T15:13:25.772168,video,Curiosity Reel (standard)
2026-05-29T16:15:09.794938,video,Curiosity Reel (standard)
2026-05-29T17:58:55.384292,video,Curiosity Reel (standard)
